id,question
0,What equipment do I need to perform push-ups?
0,Which muscle groups are primarily worked during push-ups?
0,Can you describe the starting position for push-ups?
0,What motion should I follow after lowering my body during push-ups?
0,How should I position my hands when doing push-ups?
1,What is the primary muscle group targeted by squats?
1,Can squats be performed without any equipment?
1,How should I position my feet while doing squats?
1,What is the proper form to maintain while performing squats?
1,What type of exercise are squats classified as?
2,What is the primary purpose of performing a plank exercise?
2,Which muscle groups are specifically activated during the plank?
2,How should my body be positioned while holding a plank?
2,What type of equipment is required for doing a plank?
2,Is the plank exercise classified as strength or mobility training?
3,What specific body parts does the deadlift primarily target?
3,What type of equipment do I need to perform the deadlift?
3,Can you explain the steps for properly executing a deadlift?
3,Is the deadlift considered a push or pull type of exercise?
3,What muscle groups are activated when performing the deadlift?
4,What is the primary muscle group worked during bicep curls?
4,Can I perform bicep curls without any equipment?
4,How should I position my elbows while doing bicep curls?
4,What should I focus on while curling the weights up to my shoulders?
4,Is it beneficial to use different weights for bicep curls?
5,What is the primary purpose of the kettlebell swing exercise?
5,Which muscle groups are primarily targeted during the kettlebell swing?
5,Can you describe the proper stance for performing a kettlebell swing?
5,What is the main movement involved in a kettlebell swing?
5,What type of workout does the kettlebell swing fall under?
6,What muscles are primarily engaged during the Shoulder Press exercise?
6,"Can I perform the Shoulder Press using different types of equipment, or must I use dumbbells?"
6,What is the correct starting position for the Shoulder Press?
6,Are there any specific tips to ensure proper form while doing the Shoulder Press?
6,How do I safely increase the weight used in the Shoulder Press as I progress?
7,What is the primary muscle group worked during the Lat Pulldown exercise?
7,How should I grip the bar when performing the Lat Pulldown?
7,What position should I start in before pulling the bar down?
7,Is the Lat Pulldown focused on pushing or pulling movements?
7,What equipment do I need to perform the Lat Pulldown?
8,What is the primary muscle group targeted by the hamstring stretch?
8,What type of activity is the hamstring stretch classified as?
8,Do I need any special equipment to perform the hamstring stretch?
8,How should I position my body while doing the hamstring stretch?
8,What part of the body is primarily involved in the hamstring stretch?
9,What are the primary muscle groups worked during Jumping Jacks?
9,Can Jumping Jacks be performed without any equipment?
9,What is the main purpose of including Jumping Jacks in a workout routine?
9,How should I position my arms and feet during Jumping Jacks?
9,Is this exercise suitable for a full-body warm-up?
10,What equipment do I need to perform the bench press exercise?
10,Which muscle groups are primarily targeted by the bench press?
10,Can you explain the proper technique for the bench press?
10,Is the bench press considered a strength training exercise?
10,What body part does the bench press mainly work on?
11,What are the primary muscle groups activated during lunges?
11,Can lunges be performed without any equipment?
11,What is the correct starting position for performing a lunge?
11,How do I ensure that my knees are aligned correctly while doing lunges?
11,Is it better to do lunges in a push or pull type of exercise?
12,What grip should I use while performing pull-ups?
12,Which muscles are primarily worked during pull-ups?
12,Can I do pull-ups without any equipment?
12,How do I ensure my chin goes above the bar when pulling up?
12,Is pull-ups effective for upper body strength building?
13,What is the correct starting position for Mountain Climbers?
13,Which muscle groups are primarily activated during Mountain Climbers?
13,Is any equipment needed to perform Mountain Climbers?
13,What does the exercise primarily target in terms of body parts?
13,How should the knees be moved during Mountain Climbers?
14,What are the main muscle groups that are activated when performing Leg Raises?
14,Can you describe the proper body position for executing Leg Raises?
14,Is any equipment required to perform Leg Raises effectively?
14,What type of exercise classification does Leg Raises fall under?
14,How should I move my legs during the Leg Raises exercise?
15,What equipment do I need to perform Tricep Dips?
15,Which muscle groups are activated during Tricep Dips?
15,Can you describe the steps to properly perform Tricep Dips?
15,Is Tricep Dips considered a push or pull exercise?
15,What part of the body does Tricep Dips mainly target?
16,What is the primary muscle group targeted by Russian Twists?
16,How should I position my body when performing Russian Twists?
16,Is any equipment needed to do Russian Twists?
16,Can you explain the basic movement involved in Russian Twists?
16,Which other muscle groups are engaged during Russian Twists?
17,What is the primary muscle groups worked during burpees?
17,Can burpees be performed without any equipment?
17,What is the starting position before performing a burpee?
17,How does the burpee exercise benefit both cardio and strength?
17,What is the sequence of movements in a burpee?
18,What muscle groups are worked when doing Dumbbell Rows?
18,Can you describe the proper form for performing Dumbbell Rows?
18,Is this exercise primarily focused on strength training?
18,What type of equipment do I need for Dumbbell Rows?
18,Which body part does the Dumbbell Rows target?
19,What type of exercise is a Goblet Squat?
19,Which equipment do I need to perform Goblet Squats?
19,What body parts are primarily worked during Goblet Squats?
19,Can you explain the proper form for doing a Goblet Squat?
19,What muscle groups are activated while performing this exercise?
20,What is the primary muscle group targeted by the Glute Bridge exercise?
20,Can the Glute Bridge be performed without any equipment?
20,What is the starting position for performing a Glute Bridge?
20,What body part is primarily engaged during the Glute Bridge?
20,What is the proper form to achieve while lifting your hips in a Glute Bridge?
21,What is the target muscle group activated during the Overhead Tricep Extension?
21,Can I perform the Overhead Tricep Extension using equipment other than dumbbells?
21,What are the key steps to properly execute the Overhead Tricep Extension?
21,Is the Overhead Tricep Extension categorized as a strength exercise?
21,What body part does the Overhead Tricep Extension primarily work on?
22,What is the primary muscle group activated during the Side Plank exercise?
22,How do you position your body to perform a Side Plank correctly?
22,Which type of equipment is required for the Side Plank exercise?
22,What is the main objective of the Side Plank in terms of the type of activity?
22,Which body part does the Side Plank primarily target?
23,What type of exercise are cable flyes classified as?
23,Which equipment do I need to perform cable flyes?
23,Which part of the body does cable flyes primarily target?
23,Can you explain the proper technique for executing cable flyes?
23,What muscle groups are activated when performing cable flyes?
24,What muscles are primarily targeted when performing step-ups?
24,Can I perform step-ups without any equipment?
24,How do I properly execute the step-up exercise?
24,Is this exercise effective for strengthening the lower body?
24,How many repetitions should I do for step-ups to see results?
25,What is the main muscle group targeted by performing Barbell Rows?
25,What body part is primarily engaged during Barbell Rows?
25,How should my stance be when performing the exercise?
25,What is the correct motion for the barbell during the exercise?
25,What type of activity is Barbell Rows classified as?
26,What is the Chest Press exercise primarily used for?
26,Which muscle groups are targeted during the Chest Press?
26,Can I perform the Chest Press with different types of equipment?
26,What position should I be in while doing the Chest Press?
26,How do I properly execute the movement for the Chest Press?
27,What specific body parts are targeted when performing box jumps?
27,Can I perform box jumps without any equipment?
27,What is the main movement involved in box jumps?
27,How should I land my feet when jumping onto the box?
27,Is this exercise considered more cardio or strength training?
28,What is the primary muscle group targeted by Hanging Leg Raises?
28,What type of equipment is needed to perform Hanging Leg Raises?
28,Can you describe the steps to execute Hanging Leg Raises properly?
28,Which body part is primarily engaged while performing this exercise?
28,What type of activity are Hanging Leg Raises classified under?
29,What type of exercise is the Farmer's Walk classified under?
29,What equipment do I need for the Farmer's Walk?
29,Which muscle groups are activated during the Farmer's Walk?
29,How should I hold the dumbbells while performing the Farmer's Walk?
29,What is the correct posture to maintain while walking in the Farmer's Walk?
30,What muscles are primarily targeted by the Calf Raises exercise?
30,Can Calf Raises be performed without any equipment?
30,What part of the body do Calf Raises focus on?
30,What should I do after raising my heels in the Calf Raises?
30,Is the Calf Raises exercise classified as a strength training activity?
31,What type of exercise is Battle Ropes classified as?
31,Which body parts are primarily targeted during Battle Ropes?
31,Can you explain how to properly perform Battle Ropes?
31,What muscle groups are activated when using Battle Ropes?
31,Is Battle Ropes more focused on cardio or strength training?
32,What type of exercise is the Medicine Ball Slam classified as?
32,What equipment do I need to perform Medicine Ball Slams?
32,Which muscle groups are primarily worked during Medicine Ball Slams?
32,Can you explain the proper technique for performing a Medicine Ball Slam?
32,How do Medicine Ball Slams benefit my overall fitness?
33,What is the primary muscle group targeted by the Dumbbell Deadlift exercise?
33,Can you describe the stance I should take before starting the Dumbbell Deadlift?
33,What equipment do I need to perform the Dumbbell Deadlift?
33,How do I correctly lift the dumbbells during the Dumbbell Deadlift?
33,Is the Dumbbell Deadlift considered a pulling or pushing exercise?
34,What body parts are primarily targeted when performing the Push Press exercise?
34,Can you explain the proper way to hold the barbell during the Push Press?
34,"Is it necessary to use my legs while performing the Push Press, and if so, why?"
34,What muscle groups are activated by the Push Press?
34,How should I position the barbell before starting the Push Press?
35,What is the main body part targeted during the Treadmill Run exercise?
35,Which muscle groups are primarily activated when running on a treadmill?
35,What type of activity is the Treadmill Run classified as?
35,Can you describe the equipment needed for performing the Treadmill Run?
35,What should I focus on regarding speed and incline while running on a treadmill?
36,What equipment do I need for the Incline Dumbbell Press?
36,Which muscle groups are activated when performing this exercise?
36,Can you describe the starting position for the Incline Dumbbell Press?
36,Is the Incline Dumbbell Press considered a push exercise?
36,How should I move the dumbbells during the Incline Dumbbell Press?
37,What is the starting position for the Renegade Rows exercise?
37,Which equipment is required to perform Renegade Rows?
37,What muscles are primarily activated during Renegade Rows?
37,Can you describe the movement performed during Renegade Rows?
37,Is Renegade Rows considered a strength or cardio exercise?
38,What muscles are primarily worked during the leg press exercise?
38,How should I position my feet when using the leg press machine?
38,What type of equipment do I need to perform the leg press?
38,Is the leg press considered a push or pull exercise?
38,What body part does the leg press primarily target?
39,What is the primary muscle group worked during the Cable Tricep Pushdown?
39,What type of fitness activity does the Cable Tricep Pushdown fall under?
39,What equipment do I need to perform the Cable Tricep Pushdown exercise?
39,Can you describe the proper stance for executing the Cable Tricep Pushdown?
39,What is the correct movement for the Cable Tricep Pushdown exercise?
40,What muscles are primarily targeted during the Single-Leg Deadlift?
40,Do I need any special equipment to perform the Single-Leg Deadlift?
40,Can you explain the proper stance and movement for the Single-Leg Deadlift?
40,Is the Single-Leg Deadlift more beneficial for strength or flexibility?
40,How does the Single-Leg Deadlift affect my hamstrings compared to other exercises?
41,What are the key steps to perform inverted rows correctly?
41,Which muscles are primarily engaged during inverted rows?
41,Do I need any special equipment to do inverted rows?
41,What body part is targeted by the inverted rows exercise?
41,Is this exercise suitable for beginners in strength training?
42,What position should I be in when starting the Pallof Press?
42,How do I perform the Pallof Press correctly using a cable machine?
42,Which muscle groups are primarily targeted by the Pallof Press?
42,What is the main focus of the Pallof Press exercise?
42,How can I ensure I'm engaging my core while performing this exercise?
43,What is the Kettlebell Deadlift and how is it performed?
43,Which body parts are primarily targeted by the Kettlebell Deadlift?
43,What type of exercise is the Kettlebell Deadlift classified as?
43,What equipment do I need to perform the Kettlebell Deadlift?
43,Can you explain the proper stance for the Kettlebell Deadlift?
44,What is the main purpose of performing Hanging Knee Tucks in my workout routine?
44,Which muscle groups are targeted when doing Hanging Knee Tucks?
44,Can you explain the steps on how to correctly execute Hanging Knee Tucks?
44,Do I need any special equipment to perform Hanging Knee Tucks?
44,What body part does Hanging Knee Tucks primarily work on?
45,What muscles does the Resistance Band Pull Aparts activate?
45,How do I properly perform the Resistance Band Pull Aparts?
45,What type of equipment do I need for Resistance Band Pull Aparts?
45,Is the Resistance Band Pull Aparts focused on the upper or lower body?
45,What type of exercise is Resistance Band Pull Aparts classified as?
46,What is the proper way to set up for Bulgarian Split Squats?
46,Which muscle groups are specifically targeted by Bulgarian Split Squats?
46,Can I perform Bulgarian Split Squats without any equipment?
46,What is the movement involved in Bulgarian Split Squats?
46,Is this exercise suitable for strengthening the lower body?
47,What is the correct position for starting the Seated Shoulder Press exercise?
47,Which muscle groups are primarily targeted when performing the Seated Shoulder Press?
47,What type of equipment do I need for the Seated Shoulder Press?
47,Can you explain the movement involved in the Seated Shoulder Press?
47,Is the Seated Shoulder Press considered a push or pull exercise?
48,What equipment do I need to perform incline push-ups?
48,Which muscle groups are activated while doing incline push-ups?
48,Can you describe the proper form for incline push-ups?
48,What type of activity are incline push-ups categorized as?
48,Which part of the body do incline push-ups primarily target?
49,What is the primary muscle targeted by Hip Thrusts?
49,What type of equipment do I need for performing Hip Thrusts?
49,Could you describe the starting position for Hip Thrusts?
49,Is Hip Thrusts considered a push or pull exercise?
49,Which body part does Hip Thrusts mainly work on?
50,What is the primary muscle group activated during the Barbell Curl exercise?
50,What grip should I use while performing the Barbell Curl?
50,How should I position my feet when doing a Barbell Curl?
50,Can you describe the movement involved in a Barbell Curl?
50,What type of exercise is the Barbell Curl categorized as?
51,What is the primary target muscle group for the Cable Row exercise?
51,How should I position my feet while performing the Cable Row?
51,Is the Cable Row primarily a pulling or pushing exercise?
51,What should I do with the handle during the Cable Row?
51,Which body part does the Cable Row primarily work on?
52,What is the starting position for the Plank Shoulder Taps exercise?
52,Which muscle groups are activated during the Plank Shoulder Taps?
52,Do I need any equipment to perform Plank Shoulder Taps?
52,How do I perform the hand taps during Plank Shoulder Taps?
52,Is the Plank Shoulder Taps exercise primarily for strength or mobility?
53,What type of equipment do I need for the Dumbbell Lateral Raise?
53,Which muscle groups does the Dumbbell Lateral Raise target?
53,Can you describe the proper stance for performing a Dumbbell Lateral Raise?
53,What is the primary body part worked during the Dumbbell Lateral Raise?
53,Is the Dumbbell Lateral Raise considered a push exercise?
54,What is the correct stance for performing a Wall Sit exercise?
54,How low should I go when sliding down the wall for a Wall Sit?
54,Which muscle groups are primarily activated during the Wall Sit?
54,"Do I need any equipment to perform the Wall Sit, or is it bodyweight?"
54,For how long should I aim to hold the Wall Sit position?
55,What is the starting position for the Spider Plank exercise?
55,Which body parts are primarily engaged during the Spider Plank?
55,How do you perform the movement in the Spider Plank exercise?
55,Do you need any equipment to perform the Spider Plank?
55,Can you explain the muscle groups activated while doing a Spider Plank?
56,What is the correct stance for performing a Sumo Deadlift?
56,Which muscle groups are primarily activated during the Sumo Deadlift?
56,How should I position my hands when grasping the barbell for the Sumo Deadlift?
56,What type of equipment do I need to perform the Sumo Deadlift?
56,What is the main movement involved in lifting the barbell during a Sumo Deadlift?
57,What is the primary muscle group targeted by the Single Arm Dumbbell Row?
57,How should I position my body while performing the exercise?
57,What equipment is needed to execute the Single Arm Dumbbell Row effectively?
57,Which type of activity is the Single Arm Dumbbell Row categorized under?
57,What is the correct movement for this exercise?
58,What is the primary muscle group worked by the Kettlebell Clean and Press?
58,Can you describe the steps involved in performing a Kettlebell Clean and Press?
58,Is the Kettlebell Clean and Press considered a full-body exercise?
58,What equipment do I need to perform the Kettlebell Clean and Press?
58,Is the Kettlebell Clean and Press a push type exercise or a pull type exercise?
59,What type of exercise is Jump Rope classified as?
59,Which equipment do I need to perform Jump Rope?
59,What body parts does Jump Rope primarily work on?
59,Can you explain the proper technique for doing Jump Rope?
59,What muscle groups are activated when performing Jump Rope?
60,What type of exercise is a Side Lunge considered?
60,Which body part does the Side Lunge primarily target?
60,What muscle groups are activated during the Side Lunge?
60,Can I perform the Side Lunge without any equipment?
60,What is the correct technique to execute a Side Lunge?
61,What is the primary muscle group targeted by the Machine Chest Fly exercise?
61,What type of exercise is the Machine Chest Fly categorized as?
61,Can you describe how to properly perform the Machine Chest Fly?
61,What type of equipment do I need to use for the Machine Chest Fly?
61,Is the Machine Chest Fly considered a pushing or pulling motion?
62,What muscles are primarily worked with the hack squat exercise?
62,Can you explain the basic instructions for performing a hack squat?
62,What type of equipment is needed to do a hack squat?
62,Is the hack squat considered a push or pull exercise?
62,Which body part is primarily targeted during the hack squat?
63,What is the correct body positioning for performing decline push-ups?
63,Which muscle groups are primarily targeted by decline push-ups?
63,Do I need any equipment to perform decline push-ups or is it bodyweight only?
63,Can you explain the movement pattern for decline push-ups?
63,What part of the body is primarily worked during decline push-ups?
64,What equipment do I need to perform the Band Face Pull exercise?
64,How do I position the resistance band for this exercise?
64,Which muscles are primarily targeted by the Band Face Pull?
64,What is the correct movement technique for the Band Face Pull?
64,Is the Band Face Pull primarily a push or pull exercise?
65,What is the proper initial position for the Ab Wheel Rollout exercise?
65,Which muscle groups are primarily targeted during the Ab Wheel Rollout?
65,How should I maintain my posture while performing the Ab Wheel Rollout?
65,What type of equipment do I need for the Ab Wheel Rollout exercise?
65,What is the basic action involved in the Ab Wheel Rollout movement?
66,What are the main muscle groups worked during the Side Leg Raises exercise?
66,Can you describe the correct position for performing Side Leg Raises?
66,Is any equipment required to do Side Leg Raises?
66,What type of activity are Side Leg Raises classified as?
66,How should I perform the movement for Side Leg Raises?
67,What is the primary equipment used for the Romanian Deadlift exercise?
67,Which body parts are primarily targeted by the Romanian Deadlift?
67,Can you describe the movement involved in performing a Romanian Deadlift?
67,Is the Romanian Deadlift considered a pull exercise or a push exercise?
67,What muscle groups are activated during the Romanian Deadlift?
68,What are the main muscle groups targeted by the Arnold Press?
68,What is the correct starting position for performing the Arnold Press?
68,How should my hands be positioned during the Arnold Press movement?
68,What type of equipment do I need to perform the Arnold Press?
68,Is the Arnold Press considered a push exercise?
69,What type of equipment is required for the Landmine Press?
69,Which body parts are primarily targeted during the Landmine Press exercise?
69,Can the Landmine Press be performed with both arms simultaneously?
69,What is the main action performed in the Landmine Press?
69,Which muscle groups are activated when doing the Landmine Press?
70,What are the main muscle groups worked during Tuck Jumps?
70,Can Tuck Jumps be performed without any equipment?
70,How should I properly execute a Tuck Jump to ensure safety?
70,What type of exercise is a Tuck Jump classified as?
70,Which body part is primarily targeted by Tuck Jumps?
71,What is the primary muscle group engaged during the Windshield Wipers exercise?
71,How should I position my legs while performing Windshield Wipers?
71,Is any equipment necessary for the Windshield Wipers exercise?
71,Can Windshield Wipers help strengthen my core?
71,What type of exercise classification does Windshield Wipers fall under?
72,What are the primary muscles worked during Dumbbell Shrugs?
72,Can you describe the starting position required for performing Dumbbell Shrugs?
72,Is there a specific way to lower your shoulders after shrugging them up?
72,What type of equipment do I need to perform Dumbbell Shrugs?
72,What is the body part targeted by Dumbbell Shrugs?
73,What is the primary body part targeted by the sled push exercise?
73,Can you describe the type of activity associated with the sled push?
73,What specific muscle groups are activated while performing a sled push?
73,What equipment is required to perform the sled push exercise?
73,What instructions should I follow to maintain proper form during a sled push?
74,What type of equipment do I need for the Cable Bicep Curl?
74,Which muscle groups are activated during the Cable Bicep Curl?
74,Can you explain the proper stance for performing the Cable Bicep Curl?
74,What should I do after curling the handle towards my shoulders in this exercise?
74,Is the Cable Bicep Curl mainly focused on the upper body?
75,What equipment do I need to perform Dumbbell Kickbacks?
75,Which body part does the Dumbbell Kickback primarily target?
75,Can you explain the correct posture for executing a Dumbbell Kickback?
75,What is the main muscle group activated during Dumbbell Kickbacks?
75,Is this exercise considered a push or pull movement?
76,What is the primary muscle group targeted by flutter kicks?
76,Do I need any equipment to perform flutter kicks?
76,How should I position my body while doing flutter kicks?
76,What type of exercise are flutter kicks classified as?
76,Can you explain how to correctly perform flutter kicks?
77,What is the primary type of activity associated with high knees?
77,Which muscle groups are activated during the high knees exercise?
77,What equipment do I need to perform high knees?
77,Can high knees be considered a full body workout?
77,What are the step-by-step instructions for executing high knees?
78,What is the primary equipment needed for the Sledgehammer Slams exercise?
78,Which muscle groups are primarily activated while performing Sledgehammer Slams?
78,Can you describe the correct form for executing Sledgehammer Slams?
78,Is Sledgehammer Slams more focused on cardio or strength training?
78,What body parts are engaged during the Sledgehammer Slams exercise?
79,What is the primary focus of the Lateral Step-Ups exercise?
79,Which muscle groups are activated during Lateral Step-Ups?
79,Do I need any special equipment to perform Lateral Step-Ups?
79,How should I position my body when performing the step-up?
79,What lower body muscles does the Lateral Step-Ups primarily target?
80,What muscle groups are worked during the Cable Chest Press exercise?
80,Can you describe the setup for the Cable Chest Press using a cable machine?
80,What type of exercise is the Cable Chest Press classified as?
80,How should I position my body when performing the Cable Chest Press?
80,What are the key movements involved in the Cable Chest Press?
81,What is the correct way to perform TRX Rows?
81,Which muscle groups are targeted when doing TRX Rows?
81,What type of exercise are TRX Rows classified as?
81,Which body part is primarily worked during TRX Rows?
81,What equipment do I need to do TRX Rows?
82,What is the primary muscle group targeted by Medicine Ball Russian Twists?
82,Can Medicine Ball Russian Twists be performed without any equipment?
82,What position should I be in while doing Medicine Ball Russian Twists?
82,How do I properly execute the twisting motion in this exercise?
82,Is it necessary to tap the medicine ball on the floor during the twists?
83,What is the Pendlay Row exercise primarily targeting in the upper body?
83,Can you explain the correct form for performing a Pendlay Row?
83,What equipment do I need to perform the Pendlay Row?
83,How do I ensure I am activating my biceps correctly during the Pendlay Row?
83,What does it mean that the Pendlay Row is a 'pull' type of exercise?
84,What is the primary muscle group activated during the Side Plank with Leg Lift?
84,Can you explain how to properly perform the Side Plank with Leg Lift?
84,Do I need any equipment to do the Side Plank with Leg Lift?
84,Which body part does the Side Plank with Leg Lift primarily target?
84,Is the Side Plank with Leg Lift considered a strength exercise?
85,What is the primary muscle group targeted by the hip abduction exercise?
85,Can you describe the steps to perform the hip abduction on the machine?
85,What type of exercise is the hip abduction classified as?
85,Which body part does the hip abduction mainly focus on?
85,What type of resistance is used during the hip abduction exercise?
86,What is the primary muscle group targeted by the Dumbbell Front Raise exercise?
86,Can you describe the proper stance and arm position during the Dumbbell Front Raise?
86,What type of equipment is needed to perform the Dumbbell Front Raise?
86,Is the Dumbbell Front Raise considered a push or pull exercise?
86,How high should I raise my arms when doing the Dumbbell Front Raise?
87,What grip should I use for chin-ups?
87,Which muscles are primarily targeted during chin-ups?
87,How do I perform a chin-up correctly?
87,Is any equipment required for chin-ups?
87,What part of the body do chin-ups mainly work out?
88,What equipment do I need to perform the Box Squat effectively?
88,Which muscle groups are primarily activated during the Box Squat?
88,Can you walk me through the correct steps to perform a Box Squat?
88,Is the Box Squat classified as a strength training exercise or a cardio workout?
88,How does the Box Squat target the lower body?
89,What are the primary muscle groups worked during the Battle Rope Waves exercise?
89,How should I position my arms while performing Battle Rope Waves?
89,Is the Battle Rope Waves exercise primarily a cardio or strength workout?
89,What equipment do I need to perform Battle Rope Waves?
89,Which body part is mainly targeted when doing Battle Rope Waves?
90,What equipment do I need to perform the Zercher Squat?
90,Which muscle groups are activated during the Zercher Squat?
90,What is the correct form for the Zercher Squat?
90,Is the Zercher Squat primarily a strength or cardio exercise?
90,How low should I squat in the Zercher Squat?
91,What type of exercise are walking lunges considered to be?
91,Which muscles are primarily activated when performing walking lunges?
91,What equipment do I need to do walking lunges?
91,Can you describe the proper technique for executing a walking lunge?
91,Is walking lunges effective for strengthening the lower body?
92,What is the primary body part targeted by the Kettlebell Snatch exercise?
92,Can you describe the movement involved in performing a Kettlebell Snatch?
92,Which muscle groups are engaged when doing the Kettlebell Snatch?
92,Is the Kettlebell Snatch considered a push type of exercise?
92,What equipment is necessary to perform the Kettlebell Snatch?
93,What is the main purpose of performing a Single-Leg Glute Bridge?
93,Which muscle groups are primarily activated during this exercise?
93,Can this exercise be performed without any equipment?
93,What is the starting position for the Single-Leg Glute Bridge?
93,How should I position my legs while doing this exercise?
94,What equipment do I need to perform TRX Push-Ups?
94,Which muscle groups are activated during TRX Push-Ups?
94,Can you explain how to maintain body position while doing TRX Push-Ups?
94,Is there a specific body part that TRX Push-Ups focus on?
94,What type of exercise are TRX Push-Ups classified as?
95,What muscles are primarily targeted during the Machine Leg Curl exercise?
95,Can you explain the proper technique for using the leg curl machine?
95,What body part does the Machine Leg Curl focus on?
95,Is the Machine Leg Curl categorized as a strength exercise?
95,What type of exercise equipment is required for the Machine Leg Curl?
96,What is the correct position for my body when performing the incline bench press?
96,Which equipment do I need for the incline bench press exercise?
96,Can you tell me which muscle groups are primarily worked during the incline bench press?
96,Is the incline bench press classified as a push or pull exercise?
96,How should I move the barbell during the incline bench press?
97,What is the main body part targeted by the Resistance Band Deadlift?
97,What muscle groups does this exercise activate?
97,What type of activity is the Resistance Band Deadlift categorized as?
97,How do you properly position your feet when performing the Resistance Band Deadlift?
97,What is the initial action to take when starting the Resistance Band Deadlift?
98,What equipment do I need for the Decline Bench Press?
98,Which muscles are primarily worked during the Decline Bench Press?
98,Can you describe the proper position to start the Decline Bench Press?
98,What body part does the Decline Bench Press target most effectively?
98,Is the Decline Bench Press considered a push exercise?
99,What are the primary muscle groups activated during the Dumbbell Step-Up exercise?
99,What type of activity is the Dumbbell Step-Up classified as?
99,How should I position my feet when performing the Dumbbell Step-Up?
99,What equipment do I need to perform the Dumbbell Step-Up?
99,Is the Dumbbell Step-Up considered a pushing or pulling exercise?
100,What is the main muscle group activated during the Cable Lateral Raise exercise?
100,What type of equipment do I need to perform a Cable Lateral Raise?
100,Can you explain how to properly perform the Cable Lateral Raise?
100,What body part is primarily targeted by the Cable Lateral Raise?
100,Is the Cable Lateral Raise considered a push exercise?
101,What is the Reverse Lunge exercise primarily targeting in terms of muscle groups?
101,Can you explain how to properly perform the Reverse Lunge?
101,What type of equipment do I need to do the Reverse Lunge?
101,Is the Reverse Lunge considered a push or pull exercise?
101,Which body part is mainly engaged when performing a Reverse Lunge?
102,What is the primary muscle group targeted by toe touches?
102,How should I position my legs during the toe touch exercise?
102,Is any equipment required to perform toe touches?
102,What body position should I start in for toe touches?
102,What type of exercise are toe touches classified as?
103,What type of exercise is the Machine Leg Extension?
103,Which body part primarily benefits from the Machine Leg Extension?
103,What muscle group is mainly activated during the Machine Leg Extension?
103,Can you describe the correct way to perform the Machine Leg Extension?
103,What equipment do I need to perform the Machine Leg Extension?
104,What is the primary muscle group targeted by the Dumbbell Pullover exercise?
104,Can you explain the proper form for performing a Dumbbell Pullover?
104,What type of equipment is needed for the Dumbbell Pullover?
104,Is the Dumbbell Pullover considered a strength or cardio exercise?
104,Which body part does the Dumbbell Pullover primarily work?
105,What is the primary muscle group targeted by the Barbell Shrug exercise?
105,Can you describe the proper stance and equipment needed for performing the Barbell Shrug?
105,Is there a specific way to perform the shrug motion while holding the barbell?
105,What body part does the Barbell Shrug primarily work on?
105,Is the Barbell Shrug considered a strength training exercise?
106,What is the primary muscle group worked during the T-Bar Row exercise?
106,Can you describe the starting position for performing the T-Bar Row correctly?
106,What type of equipment do I need to perform the T-Bar Row?
106,How should I position my feet when doing the T-Bar Row?
106,Is the T-Bar Row considered a pulling exercise?
107,What is the main purpose of performing a Bulgarian Deadlift?
107,Which muscle groups are targeted during the Bulgarian Deadlift?
107,Can I use other types of equipment instead of dumbbells for this exercise?
107,How should I position my body while doing the Bulgarian Deadlift?
107,Is this exercise suitable for strengthening the lower body?
108,What is the proper technique for performing a Pistol Squat on one leg?
108,Which muscle groups are primarily engaged during the Pistol Squat exercise?
108,Can you explain the steps to lower my hips to achieve parallelism in the Pistol Squat?
108,"Is the Pistol Squat considered a push type of exercise, and if so, why?"
108,What body parts are primarily involved when executing a Pistol Squat?
109,What is the main muscle group targeted by the Seated Leg Curl exercise?
109,How do you properly perform the Seated Leg Curl on the machine?
109,Is the Seated Leg Curl considered a strength training exercise?
109,Which body part is primarily engaged during the Seated Leg Curl?
109,What type of exercise equipment is needed for the Seated Leg Curl?
110,What equipment do I need to perform the Russian Kettlebell Swing?
110,Can you explain the main movement of the Russian Kettlebell Swing?
110,Which muscle groups are primarily activated during this exercise?
110,How does the Russian Kettlebell Swing benefit my core strength?
110,"Is this exercise classified as cardio, strength, or both?"
111,What is the primary muscle group targeted by the Incline Dumbbell Curl exercise?
111,What type of equipment do I need to perform the Incline Dumbbell Curl?
111,Can you describe the correct position I need to be in to start this exercise?
111,How should I execute the movement during an Incline Dumbbell Curl?
111,Is the Incline Dumbbell Curl classified as a pulling or pushing exercise?
112,What is the correct position for performing decline sit-ups?
112,Which muscle groups are primarily targeted during decline sit-ups?
112,Do I need any equipment other than a decline bench for this exercise?
112,How should I execute the movement in decline sit-ups?
112,What type of exercise classification do decline sit-ups fall under?
113,What is the starting position for performing Side Plank Dips?
113,Which muscle groups are primarily targeted by Side Plank Dips?
113,Can I do Side Plank Dips without any equipment?
113,How should I lower and raise my hips during the exercise?
113,Is Side Plank Dips more beneficial for the core or the shoulders?
114,What is the primary muscle group targeted by the Single Arm Kettlebell Swing?
114,Can I use any kettlebell for this exercise or do I need a specific weight?
114,How should I position my arm during the kettlebell swing?
114,What is the correct technique for swinging the kettlebell with one hand?
114,Is it safe to perform the Single Arm Kettlebell Swing if I have lower back issues?
115,What specific body parts are primarily worked during Jumping Squats?
115,Can I perform Jumping Squats without any equipment?
115,What is the correct technique for landing after the jump?
115,"Is this exercise classified as cardio, strength, or both?"
115,How do Jumping Squats benefit my quadriceps and glutes?
116,What is the primary muscle group targeted by the Cable Chest Fly exercise?
116,Can you describe how to properly perform the Cable Chest Fly?
116,What type of equipment do I need to do the Cable Chest Fly?
116,Is the Cable Chest Fly an upper body or lower body exercise?
116,What type of exercise is the Cable Chest Fly classified as?
117,What is the primary muscle group worked by the Dumbbell Tricep Extension?
117,Can you explain the proper technique for performing a Dumbbell Tricep Extension?
117,What type of equipment do I need for the Dumbbell Tricep Extension exercise?
117,Is the Dumbbell Tricep Extension considered a push exercise?
117,Which body part does the Dumbbell Tricep Extension target?
118,What is the correct position to start the Leg Curl exercise?
118,Which muscle groups do the Leg Curl primarily target?
118,Can you explain how to perform the Leg Curl using the machine?
118,What body part does the Leg Curl exercise focus on?
118,Is the Leg Curl considered a strength training activity?
119,What body parts does the One-Arm Push-Up target?
119,Do I need any equipment to perform the One-Arm Push-Up?
119,Can you explain the correct starting position for a One-Arm Push-Up?
119,How far should I lower my body during the One-Arm Push-Up?
119,Is the One-Arm Push-Up a strength-building exercise?
120,What muscles are primarily targeted when using the Machine Shoulder Press?
120,How should I position myself on the Machine Shoulder Press?
120,What is the correct technique for pressing the handles overhead?
120,Is the Machine Shoulder Press considered a push or pull exercise?
120,Which piece of equipment do I need to perform the Machine Shoulder Press?
121,What is the correct stance for the Sumo Squat exercise?
121,Which muscle groups are primarily worked during the Sumo Squat?
121,How do I properly perform the lowering phase of the Sumo Squat?
121,Is any equipment needed to execute the Sumo Squat?
121,What type of exercise is the Sumo Squat classified as?
122,What equipment do I need for the Resistance Band Squat?
122,Which muscle groups are activated during the Resistance Band Squat?
122,How should I position my feet while performing the Resistance Band Squat?
122,What is the correct posture for holding the resistance band during this exercise?
122,Can you explain the step-by-step instructions for performing a Resistance Band Squat?
123,What is the primary focus of the One-Legged Squat exercise?
123,How should I position my legs during the One-Legged Squat?
123,What muscles are engaged while performing One-Legged Squats?
123,Is any special equipment required to perform One-Legged Squats?
123,What is the correct form for lowering and raising during the exercise?
124,What equipment do I need to perform the Landmine Row exercise?
124,Which muscle groups are mainly targeted during the Landmine Row?
124,How do I properly execute the Landmine Row exercise?
124,What body part does the Landmine Row primarily work on?
124,Is the Landmine Row considered a pull exercise in strength training?
125,What is the primary purpose of the Superman Exercise?
125,Which muscle groups are activated during the Superman Exercise?
125,Can the Superman Exercise be performed without any equipment?
125,What position should I be in to start the Superman Exercise?
125,How do I properly execute the movement for the Superman Exercise?
126,What equipment do I need to perform Dumbbell Flyes?
126,Which part of the body do Dumbbell Flyes primarily target?
126,Can you describe the correct technique for performing Dumbbell Flyes?
126,Is Dumbbell Flyes considered a strength exercise or a cardio workout?
126,What muscle groups are activated when I do Dumbbell Flyes?
127,What is the main focus of the Reverse Fly exercise?
127,Which muscles are primarily worked when performing the Reverse Fly?
127,What type of equipment do I need for the Reverse Fly?
127,Can you describe the proper stance for the Reverse Fly?
127,How should I position my dumbbells during the exercise?
128,What equipment do I need to perform cable kickbacks?
128,Which muscles are primarily targeted by the cable kickbacks?
128,Can you explain the starting position for cable kickbacks?
128,Is it essential to keep my knee bent while doing this exercise?
128,What type of activity are cable kickbacks classified as?
129,What muscles are targeted during the Kettlebell Push Press exercise?
129,How should I position the kettlebell before starting the push press?
129,"Can I use my legs to assist in the movement, and if so, how?"
129,What body parts are primarily involved in the Kettlebell Push Press?
129,What type of equipment is required for performing this exercise?
130,What is the proper starting position for the Dead Bug exercise?
130,Which muscle groups are primarily worked during the Dead Bug?
130,How do I execute the movement correctly in the Dead Bug exercise?
130,Is any equipment needed for performing the Dead Bug?
130,What is the main focus of the Dead Bug exercise for my body?
131,What type of exercise is the Smith Machine Squat categorized as?
131,Which muscle groups are primarily worked during the Smith Machine Squat?
131,Can you describe the correct starting position for performing a Smith Machine Squat?
131,What is the key movement to perform once your thighs are parallel to the floor?
131,What is the primary equipment needed to perform the Smith Machine Squat?
132,What position should I be in on the hyperextension bench for the Reverse Hyperextension exercise?
132,Which muscle groups are primarily activated when performing Reverse Hyperextension?
132,Can you describe the movement involved in the Reverse Hyperextension exercise?
132,"Is the Reverse Hyperextension considered a strength training activity, and what type of equipment do I need for it?"
132,What body part is targeted during the Reverse Hyperextension exercise?
133,What specific muscles do the Landmine Twist exercise target?
133,Can you describe the correct setup for the Landmine Twist?
133,How should I position my body while performing the Landmine Twist?
133,"Is it important to engage my core throughout the Landmine Twist, and why?"
133,Are there any common mistakes to avoid when doing the Landmine Twist?
134,What is the primary body part targeted by the Machine Row exercise?
134,Can you explain the instructions for performing the Machine Row correctly?
134,Which muscle groups are activated during the Machine Row?
134,Is the Machine Row considered a strength exercise or a cardio exercise?
134,What type of equipment do I need to perform the Machine Row?
135,What is the correct setup for the Seated Calf Raise exercise?
135,Which muscle groups will be activated when performing the Seated Calf Raise?
135,"How do you execute the Seated Calf Raise, including the movement?"
135,What type of equipment is needed for the Seated Calf Raise?
135,"Is the Seated Calf Raise considered a strength exercise, and why?"
136,What is the primary muscle group activated during the Kettlebell Windmill exercise?
136,How do you position the kettlebell when performing the Windmill exercise?
136,Which body part is mainly worked on when doing the Kettlebell Windmill?
136,Can you describe the movement involved in the Kettlebell Windmill?
136,What type of exercise is the Kettlebell Windmill classified as?
137,What is the name of the exercise that works the upper body?
137,What type of activity is the Incline Barbell Bench Press classified as?
137,Which equipment is required for performing the Incline Barbell Bench Press?
137,Which muscle groups are primarily engaged during this exercise?
137,Can you describe the proper technique for executing the Incline Barbell Bench Press?
138,What equipment do I need to perform the Kettlebell Goblet Squat?
138,Which body parts are primarily targeted during the Kettlebell Goblet Squat?
138,Can you explain the correct form for executing a Kettlebell Goblet Squat?
138,Is the Kettlebell Goblet Squat primarily a push or pull exercise?
138,What muscle groups are activated when doing the Kettlebell Goblet Squat?
139,What muscles are activated during the Dumbbell Thrusters exercise?
139,Can you describe the proper form for performing Dumbbell Thrusters?
139,What equipment do I need to complete the Dumbbell Thrusters?
139,Is the Dumbbell Thrusters exercise focused on a specific body part or is it a full-body workout?
139,What type of activity classification does Dumbbell Thrusters fall under?
140,What muscles are primarily worked during the Lying Leg Curl exercise?
140,What is the setup required for performing the Lying Leg Curl on a machine?
140,Can you detail the movement involved in the Lying Leg Curl?
140,Which body part does the Lying Leg Curl mainly target?
140,What type of exercise is the Lying Leg Curl classified as?
141,What equipment do I need to perform the Dumbbell Hammer Curl?
141,Which muscle groups does the Dumbbell Hammer Curl target?
141,Can you describe the proper stance for the Dumbbell Hammer Curl?
141,What is the grip position used during the Dumbbell Hammer Curl?
141,What type of exercise is the Dumbbell Hammer Curl classified as?
142,What muscles are primarily targeted during the Landmine Squat Press?
142,Can I perform the Landmine Squat Press without a landmine attachment?
142,What are the steps to properly execute a Landmine Squat Press?
142,Is the Landmine Squat Press suitable for beginners?
142,What type of equipment do I need to do the Landmine Squat Press?
143,What stance should I take when performing the Zottman Curl?
143,How do I grip the dumbbells during the Zottman Curl?
143,Which muscle groups are primarily activated during this exercise?
143,What is the sequence of movements for the Zottman Curl?
143,Do I need any special equipment for the Zottman Curl?
144,What is the primary muscle group activated during the Cable Crunch exercise?
144,What equipment do I need to perform the Cable Crunch?
144,Can you describe the proper body position for the Cable Crunch?
144,How should I move my arms during the Cable Crunch?
144,Is it important to keep my back straight while doing Cable Crunches?
145,What is the initial position for the Stability Ball Pike exercise?
145,Which body parts does the Stability Ball Pike primarily target?
145,How do you perform the movement in the Stability Ball Pike?
145,What equipment do I need for the Stability Ball Pike exercise?
145,What muscle groups are activated during the Stability Ball Pike?
146,What is the primary muscle group targeted by the Standing Calf Raise?
146,What type of equipment do I need for the Standing Calf Raise exercise?
146,Can you describe the correct stance for performing a Standing Calf Raise?
146,Is the Standing Calf Raise considered a strength exercise or a cardio exercise?
146,How should I position my feet when doing the Standing Calf Raise on a step?
147,What is the primary muscle group worked during the Cable Kickback exercise?
147,What type of equipment do I need to perform the Cable Kickback?
147,Can you explain the correct starting position for the Cable Kickback?
147,Is the Cable Kickback considered a push type of exercise?
147,How do I properly return to the starting position after extending my arm during the Cable Kickback?
148,What is the starting position for Spider Push-Ups?
148,Which muscle groups are primarily engaged during this exercise?
148,Can you explain the movement involved in performing Spider Push-Ups?
148,Do I need any equipment to perform Spider Push-Ups?
148,What part of the body does this exercise target?
149,What is the Resistance Band Chest Press and which muscle groups does it target?
149,How do I properly set up the Resistance Band Chest Press exercise?
149,What body part is primarily worked during the Resistance Band Chest Press?
149,What type of strength training exercise is the Resistance Band Chest Press considered?
149,Can you describe the movement involved in the Resistance Band Chest Press?
150,What equipment do I need for the One-Arm Dumbbell Row?
150,Which muscle groups are primarily targeted during this exercise?
150,Can you describe the starting position for the One-Arm Dumbbell Row?
150,What is the body part mainly worked by the One-Arm Dumbbell Row?
150,Is this exercise classified as a strength or cardio activity?
151,What position should I be in when performing the Incline Chest Press?
151,Which muscle groups are targeted by the Incline Chest Press exercise?
151,"Do I need special equipment for the Incline Chest Press, and if so, what is it?"
151,How do I properly execute the Incline Chest Press after getting on the bench?
151,"Is the Incline Chest Press classified as a strength training exercise, and what kind of exercise is it?"
152,What is the main muscle group targeted by the Machine Preacher Curl exercise?
152,How should I position my arms while using the preacher curl machine?
152,What type of exercise is the Machine Preacher Curl classified as?
152,Can you describe the movement I should perform during the curl?
152,Is the Machine Preacher Curl considered an upper body workout?
153,What is the primary muscle group worked during Hanging Knee Raises?
153,Can I perform Hanging Knee Raises without any equipment?
153,What is the correct form for Hanging Knee Raises?
153,How should I position my legs during the exercise?
153,Is Hanging Knee Raises more beneficial for the core or hip flexors?
154,What is the correct position for the Decline Dumbbell Press?
154,Which muscle groups are targeted during the Decline Dumbbell Press?
154,What equipment do I need to perform the Decline Dumbbell Press?
154,How should I perform the movement when using dumbbells for the Decline Dumbbell Press?
154,Is the Decline Dumbbell Press considered a push exercise?
155,What is the Glute Kickback exercise primarily targeting in the lower body?
155,How do you properly perform the Glute Kickback using bodyweight?
155,Is the Glute Kickback considered a strength training activity?
155,Which muscle groups are activated during the Glute Kickback?
155,Do I need any equipment to perform the Glute Kickback?
156,What is the machine chest press primarily targeting in the upper body?
156,Can you explain how to properly set up for the machine chest press?
156,What muscles are activated during the machine chest press exercise?
156,Is the machine chest press considered a push or pull exercise?
156,What should I ensure about my feet when performing the machine chest press?
157,What is the proper stance for performing a Single-Leg Squat?
157,Which muscle groups are primarily targeted during the Single-Leg Squat exercise?
157,Can you explain how to correctly lower and rise during this exercise?
157,Is any equipment needed to perform Single-Leg Squats?
157,Which body part benefits most from doing Single-Leg Squats?
158,What is the starting position for the Push-Up to Row exercise?
158,Which muscle groups are activated during the Push-Up to Row?
158,What type of equipment do I need for the Push-Up to Row?
158,Is the Push-Up to Row considered a strength exercise?
158,Can you explain the movement sequence for the Push-Up to Row?
159,What is the primary muscle group targeted by the Smith Machine Row?
159,Can you describe the proper stance and position for performing the Smith Machine Row?
159,Is the Smith Machine Row considered a pull or push exercise?
159,Which piece of equipment is necessary for the Smith Machine Row?
159,What body part does the Smith Machine Row primarily focus on?
160,What is the primary muscle worked during the Lat Pullover exercise?
160,What type of equipment is required to perform the Lat Pullover?
160,Can you describe the starting position for the Lat Pullover?
160,Which body part does the Lat Pullover primarily target?
160,What is the movement pattern involved in the Lat Pullover?
161,What is the Smith Machine Shoulder Press exercise primarily targeting in the upper body?
161,What type of activity does the Smith Machine Shoulder Press fall under?
161,Can you explain how to properly perform the Smith Machine Shoulder Press?
161,Which muscles are activated during the Smith Machine Shoulder Press?
161,What equipment do I need to do the Smith Machine Shoulder Press?
162,What is the primary muscle group targeted by the Cable Woodchopper exercise?
162,How should my body be positioned when performing the Cable Woodchopper?
162,What type of motion is involved in the Cable Woodchopper?
162,What equipment do I need to perform the Cable Woodchopper?
162,Which body part does the Cable Woodchopper primarily focus on?
163,What is the Machine Back Extension exercise primarily targeting in terms of muscle groups?
163,Can you describe the setup needed before starting the Machine Back Extension?
163,What specific body parts are engaged when performing the Machine Back Extension?
163,What is the correct movement pattern for the Machine Back Extension during the exercise?
163,What type of equipment is required to perform the Machine Back Extension?
164,What is the proper starting position for the Prone Leg Curl exercise?
164,Which machine do I need to perform the Prone Leg Curl?
164,What muscle groups are primarily activated by the Prone Leg Curl?
164,How do I execute the motion during the Prone Leg Curl?
164,What body part is primarily targeted when performing the Prone Leg Curl?
165,What is the correct seating position for the Seated Dumbbell Press?
165,Which muscle groups are primarily activated during the Seated Dumbbell Press?
165,Can you explain the step-by-step process for performing the Seated Dumbbell Press?
165,What type of equipment is needed to perform the Seated Dumbbell Press?
165,Is the Seated Dumbbell Press primarily a push or pull exercise?
166,What is the proper starting position for the Weighted Plank exercise?
166,Which muscle groups are primarily activated during the Weighted Plank?
166,How do I maintain my body while holding the Weighted Plank?
166,Is any specific equipment required for the Weighted Plank?
166,What type of activity does the Weighted Plank fall under?
167,What muscles are primarily worked when using the Step Mill?
167,Can you explain how to properly use the Step Mill machine?
167,Is the Step Mill suitable for lower body workouts?
167,What type of exercise is classified as Step Mill?
167,What body part does the Step Mill specifically target?
168,What is the main purpose of the Standing Resistance Band Row exercise?
168,Which muscle groups are primarily targeted during this exercise?
168,How should I position my elbows while performing the Standing Resistance Band Row?
168,What type of equipment do I need to perform the Standing Resistance Band Row?
168,Can you describe the setup process for this exercise?
169,What type of exercise is the Dumbbell Lunge categorized as?
169,Which muscles are primarily activated when performing a Dumbbell Lunge?
169,How do you properly execute a Dumbbell Lunge?
169,What equipment do I need for the Dumbbell Lunge exercise?
169,Which body part does the Dumbbell Lunge primarily target?
170,What equipment do I need to perform the Reverse Curl exercise?
170,Which muscle groups are primarily activated during the Reverse Curl?
170,Can you describe the stance I should take while doing the Reverse Curl?
170,What grip should I use when holding the dumbbells for the Reverse Curl?
170,How do I properly execute the movement of the Reverse Curl?
171,What is the main equipment needed for the Banded Pull-Up exercise?
171,Which muscle groups are primarily activated during the Banded Pull-Up?
171,Can you describe the positioning of the resistance band for this exercise?
171,What body part does the Banded Pull-Up primarily target?
171,What is the correct form to achieve during the Banded Pull-Up?
172,What muscle groups are primarily activated during the Cable Face Pull exercise?
172,What type of equipment do I need to perform Cable Face Pulls?
172,Can you explain the proper technique for executing a Cable Face Pull?
172,Is the Cable Face Pull more suitable for upper body strength training or lower body?
172,What are the benefits of including Cable Face Pulls in my workout routine?
173,What is the Turkish Get-Up exercise intended to target in the body?
173,Which equipment is necessary to perform the Turkish Get-Up?
173,Can you explain the steps for performing the Turkish Get-Up?
173,What muscle groups are engaged during the Turkish Get-Up exercise?
173,Is the Turkish Get-Up classified as a strength exercise?
174,What equipment do I need to perform Weighted Russian Twists?
174,Which body part is primarily targeted by Weighted Russian Twists?
174,Can you describe the proper form for doing Weighted Russian Twists?
174,What muscle groups are activated during Weighted Russian Twists?
174,What type of activity are Weighted Russian Twists classified as?
175,What is the name of the exercise performed with the cable machine?
175,Which muscle group is primarily targeted by the Cable Front Raise?
175,What position should you be in when starting the Cable Front Raise?
175,At what height should you raise the cable handle during the exercise?
175,What type of activity is the Cable Front Raise classified as?
176,What position should I be in before starting the Reverse Crunch?
176,Which muscles are primarily worked during the Reverse Crunch exercise?
176,Do I need any equipment to perform the Reverse Crunch?
176,What is the correct way to perform the Reverse Crunch?
176,What part of the body does the Reverse Crunch specifically target?
177,What is the primary muscle group targeted by the Cable Tricep Kickback?
177,What type of exercise is the Cable Tricep Kickback classified as?
177,What equipment do I need to perform the Cable Tricep Kickback?
177,Can you describe the starting position for the Cable Tricep Kickback?
177,Is the Cable Tricep Kickback considered a push or pull exercise?
178,What is the Copenhagen Plank and how is it performed?
178,Which muscle groups are targeted when doing the Copenhagen Plank?
178,Do I need any equipment to perform the Copenhagen Plank?
178,What body part does the Copenhagen Plank primarily focus on?
178,Can you describe the starting position for the Copenhagen Plank in detail?
179,What muscles are primarily worked during the Smith Machine Incline Press?
179,Can I perform this exercise using just my body weight?
179,What position should I be in while setting up for the Smith Machine Incline Press?
179,Is the Smith Machine Incline Press effective for building upper body strength?
179,How do I properly lower the bar during the Smith Machine Incline Press?
180,What is the Cable Lat Pulldown exercise primarily targeting?
180,How should I grip the bar during the Cable Lat Pulldown?
180,Can you describe the movement involved in a Cable Lat Pulldown?
180,Is the Cable Lat Pulldown a strength exercise?
180,What equipment is required for the Cable Lat Pulldown?
181,What equipment do I need to perform the Cable Side Lunge?
181,Which muscle groups are activated when doing the Cable Side Lunge?
181,Can you explain the proper technique for executing a Cable Side Lunge?
181,Is the Cable Side Lunge primarily a push or pull type of activity?
181,What body part does the Cable Side Lunge primarily target?
182,What type of equipment do I need for the Dumbbell Bent-Over Row?
182,Which muscle groups are primarily activated during this exercise?
182,Can you explain the proper stance for performing the Dumbbell Bent-Over Row?
182,What body part does the Dumbbell Bent-Over Row primarily target?
182,Is the Dumbbell Bent-Over Row considered a pull exercise?
183,What is the primary focus of the Lateral Lunge exercise?
183,Which equipment do I need to perform the Lateral Lunge?
183,Can you describe the proper technique for executing a Lateral Lunge?
183,What muscle groups are worked when doing a Lateral Lunge?
183,Is the Lateral Lunge considered a push exercise or a pull exercise?
184,What muscles are primarily targeted during the Seated Machine Row exercise?
184,Can you explain the proper sitting position for the Seated Machine Row?
184,What should I do with my feet while performing the Seated Machine Row?
184,How do I execute the pulling motion in the Seated Machine Row correctly?
184,What is the recommended speed for returning to the starting position in the Seated Machine Row?
185,What equipment do I need to perform the Decline Russian Twist?
185,Which muscle groups are targeted by the Decline Russian Twist exercise?
185,Can you provide the correct form for doing the Decline Russian Twist?
185,Is the Decline Russian Twist primarily a strength exercise?
185,Do I need to adjust my body position during the Decline Russian Twist?
186,What equipment do I need to perform the Deadlift High Pull exercise?
186,Which muscle groups are activated during the Deadlift High Pull?
186,Can you explain the proper form for starting the Deadlift High Pull?
186,Is the Deadlift High Pull considered a full body exercise?
186,What type of activity is the Deadlift High Pull classified as?
187,What is the primary muscle group targeted by the Reverse Grip Lat Pulldown exercise?
187,How should I position my hands for the Reverse Grip Lat Pulldown?
187,What equipment do I need to perform the Reverse Grip Lat Pulldown?
187,Can you describe the movement involved in the Reverse Grip Lat Pulldown?
187,Which body part does the Reverse Grip Lat Pulldown primarily work on?
188,What equipment do I need to perform the Cable Lateral Lunge?
188,Which muscle groups does the Cable Lateral Lunge primarily target?
188,Can you describe the steps needed to perform the Cable Lateral Lunge correctly?
188,Is the Cable Lateral Lunge more beneficial for strength or endurance?
188,What body part is mainly worked during the Cable Lateral Lunge?
189,What is the starting position for the Pike Push-Up?
189,Which muscle groups are primarily worked during this exercise?
189,What body part does the Pike Push-Up target?
189,Can the Pike Push-Up be performed without equipment?
189,What are the key movements involved in executing a Pike Push-Up?
190,What is the primary muscle group worked by the One-Arm Dumbbell Snatch?
190,Can you describe the starting position for the One-Arm Dumbbell Snatch?
190,Is the One-Arm Dumbbell Snatch considered a push or pull exercise?
190,Which piece of equipment do I need to perform the One-Arm Dumbbell Snatch?
190,What is the technique for lifting the dumbbell in the One-Arm Dumbbell Snatch?
191,What equipment do I need for the Cable Front Squat?
191,Which muscle groups are primarily targeted during this exercise?
191,Can you explain the setup process for the Cable Front Squat?
191,What is the proper position for my hands while performing the Cable Front Squat?
191,Is the Cable Front Squat primarily a lower body exercise?
192,What is the primary exercise name for this activity?
192,What type of equipment do I need for the Tire Flip exercise?
192,Which body parts are primarily worked during the Tire Flip?
192,Could you explain the correct instructions for performing a Tire Flip?
192,What muscle groups are activated when doing the Tire Flip?
193,What equipment do I need for the Smith Machine Calf Raise?
193,Which muscle groups does the Smith Machine Calf Raise target?
193,Can you provide step-by-step instructions for performing this exercise?
193,Is the Smith Machine Calf Raise primarily a strength training exercise?
193,What part of the body is most engaged during the Smith Machine Calf Raise?
194,What is the Pistol Squat to Box exercise used for?
194,Which muscle groups are primarily activated during the Pistol Squat to Box?
194,How do I perform the Pistol Squat to Box correctly?
194,Do I need any equipment to do the Pistol Squat to Box?
194,What part of the body does the Pistol Squat to Box target?
195,What muscles are targeted during the Standing Chest Fly exercise?
195,Can you describe the proper stance for performing the Standing Chest Fly?
195,What type of equipment is needed to do the Standing Chest Fly?
195,Is the Standing Chest Fly considered a push or pull exercise?
195,What are the key steps to follow when performing a Standing Chest Fly?
196,What type of equipment do I need for the Sled Drag exercise?
196,Which body parts are targeted by the Sled Drag exercise?
196,Can I perform the Sled Drag by running instead of walking?
196,What muscles are activated when doing the Sled Drag?
196,How do I set up for the Sled Drag exercise?
197,What type of exercise is the Cable Hammer Curl?
197,Which equipment do I need for performing the Cable Hammer Curl?
197,What part of the body does the Cable Hammer Curl primarily target?
197,Can you explain how to perform the Cable Hammer Curl correctly?
197,What muscle groups are activated during the Cable Hammer Curl?
198,What is the primary muscle group targeted during the Cable Tricep Overhead Extension?
198,How should I position my body in relation to the cable machine for this exercise?
198,What type of equipment do I need to perform the Cable Tricep Overhead Extension?
198,Can you describe the movement I need to perform during the exercise?
198,Is the Cable Tricep Overhead Extension considered a push or pull exercise?
199,What is the primary muscle group targeted by the Seated Cable Row?
199,What type of equipment do I need for the Seated Cable Row exercise?
199,Can you describe the starting position for the Seated Cable Row?
199,What type of movement does the Seated Cable Row involve?
199,How should I control the movement when performing the Seated Cable Row?
200,What is the correct position to start the Lying Dumbbell Tricep Extension?
200,Which muscles are primarily targeted during this exercise?
200,How should I move the dumbbells during the Lying Dumbbell Tricep Extension?
200,What is the equipment needed for this exercise?
200,Is the Lying Dumbbell Tricep Extension considered a push or pull exercise?
201,What type of exercise is the Weighted Pull-Up categorized as?
201,Which primary muscle groups are targeted during the Weighted Pull-Up?
201,What equipment do I need to perform a Weighted Pull-Up?
201,Can you explain the proper technique for executing a Weighted Pull-Up?
201,Which body part does the Weighted Pull-Up primarily work on?
202,What equipment do I need for the Incline Dumbbell Row exercise?
202,Which muscle groups does the Incline Dumbbell Row target?
202,How should I position my body when performing this exercise?
202,What type of exercise is the Incline Dumbbell Row classified as?
202,Can you explain the proper technique for executing the Incline Dumbbell Row?
203,What equipment do I need for the Machine Lat Pulldown exercise?
203,Which muscle groups are activated during the Machine Lat Pulldown?
203,Can you explain how to properly perform the Machine Lat Pulldown?
203,Is the Machine Lat Pulldown targeting the upper body or lower body?
203,"What type of exercise is the Machine Lat Pulldown, strength or cardio?"
204,What muscles are primarily engaged during the One-Arm Cable Row exercise?
204,Which equipment is needed to perform the One-Arm Cable Row?
204,How should I position my body while doing the One-Arm Cable Row?
204,Is the One-Arm Cable Row classified as a pull or push exercise?
204,Can you explain the basic technique for performing the One-Arm Cable Row?
205,What equipment do I need to perform the Face Pull exercise?
205,Which muscle groups are primarily worked during the Face Pull?
205,Can you explain the setup and technique for the Face Pull?
205,Is this exercise focused on the upper body or lower body?
205,How should I position my elbows while performing the Face Pull?
206,What are the key muscle groups targeted when performing the Dumbbell Bench Press?
206,What is the correct starting position for the Dumbbell Bench Press?
206,Can you describe the movement pattern for the Dumbbell Bench Press?
206,What equipment do I need to perform the Dumbbell Bench Press?
206,Is the Dumbbell Bench Press suitable for upper body strength training?
